Source;Relation;Target
adverstingColumnArmiiKrajowej;hasDirectNeighbor;lawnArmiiKrajowej
atmSiedlce3Maja;hasDirectNeighbor;schoolSiedlceUniversityOfNaturalSciencesAndHumanitiesFacultyOfSciences
atmSiedlceArmiiKrajowej;hasDirectNeighbor;shopBiedronkaSiedlceArmiiKrajowej
atmSiedlceSienkiewicza;hasDirectNeighbor;shopRossmannSiedlceSienkiewicza
bikePath3MajaR;hasDirectNeighbor;pavement3MajaR
bikePath3MajaR;hasDirectNeighbor;street3Maja
informationSign3Maja3;hasDirectNeighbor;bikePath3MajaR
lawn3Maja5;hasDirectNeighbor;bikePath3MajaR
lawn3Maja6;hasDirectNeighbor;bikePath3MajaR
lawn3Maja7;hasDirectNeighbor;bikePath3MajaR
lawn3Maja8;hasDirectNeighbor;bikePath3MajaR
parking3MajaTaniaOdzież;hasDirectNeighbor;bikePath3MajaR
blockOfFlatsKazimierzaPułaskiego1;hasDirectNeighbor;parkingKazimierzaPułaskiego1
blockOfFlatsKazimierzaPułaskiego1;hasDirectNeighbor;pavementKazmierzaPułaskiegoR
blockOfFlatsKazimierzaPułaskiego2;hasDirectNeighbor;parkingKazimierzaPułaskiego2
blockOfFlatsKazimierzaPułaskiego2;hasDirectNeighbor;pavementKazmierzaPułaskiegoR
blockOfFlatsKazimierzaPułaskiego3;hasDirectNeighbor;parkingKazimierzaPułaskiego4
blockOfFlatsKazimierzaPułaskiego3;hasDirectNeighbor;pavementKazmierzaPułaskiegoL
blockOfFlatsKazimierzaPułaskiego4;hasDirectNeighbor;parkingKazimierzaPułaskiego4
blockOfFlatsKazimierzaPułaskiego4;hasDirectNeighbor;pavementKazmierzaPułaskiegoL
bollardHenrykaSienkiewicza9;hasDirectNeighbor;pavementHenrykaSienkiewiczaR
bollardKazimierzaPułaskiego3;hasDirectNeighbor;streetKazmierzaPułaskiego
busDepotSiedlcePKS;hasDirectNeighbor;streetŚwiętojańska
fenceArmiiKrajowej2;hasDirectNeighbor;busDepotSiedlcePKS
busStop01SiedlceArmiiKrajowejSienkiewicza;hasDirectNeighbor;streetArmiiKrajowej
streetLightArmiiKrajowej2;hasDirectNeighbor;busStop01SiedlceArmiiKrajowejSienkiewicza
streetLightArmiiKrajowej3;hasDirectNeighbor;busStop01SiedlceArmiiKrajowejSienkiewicza
trashCanArmiiKrajowej1;hasDirectNeighbor;busStop01SiedlceArmiiKrajowejSienkiewicza
chargingStationKazimierzaPułaskiego;hasDirectNeighbor;parkingKazimierzaPułaskiego3
cityHallUrządMiastaSkwerNiepodległości;hasDirectNeighbor;pavementSkwerNiepodległości
clinicDerek-DentalSiedlceKazimierzaPułaskiego;hasDirectNeighbor;pavementKazmierzaPułaskiegoR
concertHallPodlasieSiedlceHenrykaSienkiewicza;hasDirectNeighbor;pavementHenrykaSienkiewiczaR
concertHallPodlasieSiedlceHenrykaSienkiewicza;hasDirectNeighbor;pavementŚwiętojańskaL
parkingHenrykaSienkiewicza;hasDirectNeighbor;concertHallPodlasieSiedlceHenrykaSienkiewicza
stairsPodlasie1;hasDirectNeighbor;concertHallPodlasieSiedlceHenrykaSienkiewicza
stairsPodlasie2;hasDirectNeighbor;concertHallPodlasieSiedlceHenrykaSienkiewicza
fenceArmiiKrajowej1;hasDirectNeighbor;pavementArmiiKrajowejL
fenceArmiiKrajowej2;hasDirectNeighbor;busDepotSiedlcePKS
fenceArmiiKrajowej2;hasDirectNeighbor;pavementArmiiKrajowejL
fenceŚwiętojańska1;hasDirectNeighbor;pavementŚwiętojańskaL
informationSign3Maja1;hasDirectNeighbor;pavement3MajaL
informationSign3Maja1;hasDirectNeighbor;street3Maja
informationSign3Maja3;hasDirectNeighbor;bikePath3MajaR
informationSign3Maja3;hasDirectNeighbor;street3Maja
informationSignArmiiKrajowej1;hasDirectNeighbor;streetArmiiKrajowej
informationSignArmiiKrajowej10;hasDirectNeighbor;pavementKazmierzaPułaskiegoR
informationSignArmiiKrajowej10;hasDirectNeighbor;streetArmiiKrajowej
informationSignArmiiKrajowej10;hasDirectNeighbor;streetKazmierzaPułaskiego
informationSignArmiiKrajowej11;hasDirectNeighbor;pavementArmiiKrajowejR
informationSignArmiiKrajowej11;hasDirectNeighbor;streetArmiiKrajowej
informationSignArmiiKrajowej12;hasDirectNeighbor;pavementArmiiKrajowejR
informationSignArmiiKrajowej12;hasDirectNeighbor;streetArmiiKrajowej
informationSignArmiiKrajowej13;hasDirectNeighbor;pavementArmiiKrajowejR
informationSignArmiiKrajowej13;hasDirectNeighbor;streetArmiiKrajowej
informationSignArmiiKrajowej14;hasDirectNeighbor;pavementArmiiKrajowejR
informationSignArmiiKrajowej14;hasDirectNeighbor;streetArmiiKrajowej
informationSignArmiiKrajowej15;hasDirectNeighbor;pavementArmiiKrajowejR
informationSignArmiiKrajowej15;hasDirectNeighbor;street3Maja
informationSignArmiiKrajowej2;hasDirectNeighbor;streetArmiiKrajowej
informationSignArmiiKrajowej3;hasDirectNeighbor;pavementHenrykaSienkiewiczaL
informationSignArmiiKrajowej3;hasDirectNeighbor;streetArmiiKrajowej
informationSignArmiiKrajowej4;hasDirectNeighbor;streetArmiiKrajowej
informationSignArmiiKrajowej7;hasDirectNeighbor;pavementArmiiKrajowejR
informationSignArmiiKrajowej7;hasDirectNeighbor;streetArmiiKrajowej
informationSignArmiiKrajowej8;hasDirectNeighbor;pavementArmiiKrajowejR
informationSignArmiiKrajowej8;hasDirectNeighbor;streetArmiiKrajowej
informationSignArmiiKrajowej9;hasDirectNeighbor;streetArmiiKrajowej
informationSignJózefaPiłsudskiego1;hasDirectNeighbor;pedestrainCrossingJózefaPiłsudskiego1
informationSignJózefaPiłsudskiego1;hasDirectNeighbor;streetJózefaPiłsudskiego
informationSignJózefaPiłsudskiego2;hasDirectNeighbor;pavementWojskowaR
informationSignJózefaPiłsudskiego2;hasDirectNeighbor;streetJózefaPiłsudskiego
informationSignJózefaPiłsudskiego2;hasDirectNeighbor;streetWojskowa
informationSignKazimierzaPułaskiego1;hasDirectNeighbor;streetKazmierzaPułaskiego
informationSignKazimierzaPułaskiego2;hasDirectNeighbor;parkingKazimierzaPułaskiego
informationSignKazimierzaPułaskiego3;hasDirectNeighbor;parkingKazimierzaPułaskiego
informationSignKazimierzaPułaskiego4;hasDirectNeighbor;parkingKazimierzaPułaskiego1
informationSignKazimierzaPułaskiego5;hasDirectNeighbor;parkingKazimierzaPułaskiego1
informationSignKazimierzaPułaskiego5;hasDirectNeighbor;streetKazmierzaPułaskiego
informationSignKazimierzaPułaskiego6;hasDirectNeighbor;streetKazmierzaPułaskiego
informationSignKazimierzaPułaskiego7;hasDirectNeighbor;streetKazmierzaPułaskiego
informationSignKazimierzaPułaskiego9;hasDirectNeighbor;streetKazmierzaPułaskiego
informationSignSkwerNiepodległości3;hasDirectNeighbor;parkingSkwerNiepodległości
informationSignSkwerNiepodległości4;hasDirectNeighbor;streetSkwerNiepodległości
informationSignWojskowa1;hasDirectNeighbor;streetWojskowa
parkingArmiiKrajowej;hasDirectNeighbor;informationSignArmiiKrajowej6
streetLightArmiiKrajowej1;hasDirectNeighbor;informationSignArmiiKrajowej1
adverstingColumnArmiiKrajowej;hasDirectNeighbor;lawnArmiiKrajowej
lawn3Maja1;hasDirectNeighbor;pavement3MajaL
lawn3Maja1;hasDirectNeighbor;street3Maja
lawn3Maja2;hasDirectNeighbor;pavement3MajaL
lawn3Maja2;hasDirectNeighbor;street3Maja
lawn3Maja3;hasDirectNeighbor;pavement3MajaL
lawn3Maja3;hasDirectNeighbor;street3Maja
lawn3Maja4;hasDirectNeighbor;pavement3MajaL
lawn3Maja4;hasDirectNeighbor;pavementŚwiętojańskaR
lawn3Maja4;hasDirectNeighbor;street3Maja
lawn3Maja4;hasDirectNeighbor;streetŚwiętojańska
lawn3Maja5;hasDirectNeighbor;bikePath3MajaR
lawn3Maja5;hasDirectNeighbor;parking3MajaTaniaOdzież
lawn3Maja5;hasDirectNeighbor;pavement3MajaR
lawn3Maja5;hasDirectNeighbor;street3Maja
lawn3Maja6;hasDirectNeighbor;bikePath3MajaR
lawn3Maja6;hasDirectNeighbor;pavement3MajaR
lawn3Maja6;hasDirectNeighbor;street3Maja
lawn3Maja7;hasDirectNeighbor;bikePath3MajaR
lawn3Maja7;hasDirectNeighbor;pavement3MajaR
lawn3Maja8;hasDirectNeighbor;bikePath3MajaR
lawn3Maja8;hasDirectNeighbor;pavement3MajaR
lawn3Maja8;hasDirectNeighbor;street3Maja
lawnArmiiKrajowej;hasDirectNeighbor;parkingArmiiKrajowej
lawnArmiiKrajowej;hasDirectNeighbor;pavement3MajaR
lawnArmiiKrajowej;hasDirectNeighbor;streetArmiiKrajowej
lawnArmiiKrajowej1;hasDirectNeighbor;pavementArmiiKrajowejR
lawnArmiiKrajowej1;hasDirectNeighbor;streetArmiiKrajowej
lawnArmiiKrajowej2;hasDirectNeighbor;pavementArmiiKrajowejR
lawnArmiiKrajowej2;hasDirectNeighbor;streetArmiiKrajowej
lawnArmiiKrajowej3;hasDirectNeighbor;pavementArmiiKrajowejR
lawnArmiiKrajowej3;hasDirectNeighbor;streetArmiiKrajowej
lawnArmiiKrajowej4;hasDirectNeighbor;pavementArmiiKrajowejL
lawnArmiiKrajowej4;hasDirectNeighbor;pavementJózefaPiłsudskiegoR
lawnArmiiKrajowej5;hasDirectNeighbor;pavementArmiiKrajowejL
lawnArmiiKrajowej5;hasDirectNeighbor;streetŚwiętojańska
lawnArmiiKrajowej6;hasDirectNeighbor;pavementArmiiKrajowejL
lawnArmiiKrajowej6;hasDirectNeighbor;streetŚwiętojańska
lawnArmiiKrajowej7;hasDirectNeighbor;pavementArmiiKrajowejL
lawnArmiiKrajowej7;hasDirectNeighbor;streetArmiiKrajowej
lawnArmiiKrajowej8;hasDirectNeighbor;pavementArmiiKrajowejL
lawnArmiiKrajowej8;hasDirectNeighbor;streetArmiiKrajowej
lawnKazimierzaPułaskiego1;hasDirectNeighbor;parkingKazimierzaPułaskiego1
lawnKazimierzaPułaskiego1;hasDirectNeighbor;pavementKazmierzaPułaskiegoR
lawnKazimierzaPułaskiego1;hasDirectNeighbor;streetKazmierzaPułaskiego
lawnKazimierzaPułaskiego2;hasDirectNeighbor;parkingKazimierzaPułaskiego1
lawnKazimierzaPułaskiego2;hasDirectNeighbor;pavementKazmierzaPułaskiegoR
lawnKazimierzaPułaskiego2;hasDirectNeighbor;streetKazmierzaPułaskiego
lawnKazimierzaPułaskiego3;hasDirectNeighbor;pavementKazmierzaPułaskiegoR
lawnKazimierzaPułaskiego3;hasDirectNeighbor;streetHenrykaWieniawskiego
lawnKazimierzaPułaskiego3;hasDirectNeighbor;streetKazmierzaPułaskiego
lawnKazimierzaPułaskiego4;hasDirectNeighbor;parkingKazimierzaPułaskiego2
lawnKazimierzaPułaskiego4;hasDirectNeighbor;pavementKazmierzaPułaskiegoR
lawnKazimierzaPułaskiego4;hasDirectNeighbor;streetKazmierzaPułaskiego
lawnKazimierzaPułaskiego5;hasDirectNeighbor;parkingKazimierzaPułaskiego2
lawnKazimierzaPułaskiego5;hasDirectNeighbor;pavementKazmierzaPułaskiegoR
lawnKazimierzaPułaskiego5;hasDirectNeighbor;streetKazmierzaPułaskiego
lawnKazimierzaPułaskiego6;hasDirectNeighbor;pavementKazmierzaPułaskiegoR
lawnKazimierzaPułaskiego6;hasDirectNeighbor;streetKazmierzaPułaskiego
lawnSkwerNiepodległości;hasDirectNeighbor;pavementKazmierzaPułaskiegoL
lawnSkwerNiepodległości;hasDirectNeighbor;streetSkwerNiepodległości
parkingArmiiKrajowej;hasDirectNeighbor;lawnArmiiKrajowej
parkingSkwerNiepodległości;hasDirectNeighbor;lawnSkwerNiepodległości
trashCanArmiiKrajowej3;hasDirectNeighbor;lawnArmiiKrajowej
blockOfFlatsKazimierzaPułaskiego1;hasDirectNeighbor;parkingKazimierzaPułaskiego1
blockOfFlatsKazimierzaPułaskiego2;hasDirectNeighbor;parkingKazimierzaPułaskiego2
blockOfFlatsKazimierzaPułaskiego3;hasDirectNeighbor;parkingKazimierzaPułaskiego4
blockOfFlatsKazimierzaPułaskiego4;hasDirectNeighbor;parkingKazimierzaPułaskiego4
chargingStationKazimierzaPułaskiego;hasDirectNeighbor;parkingKazimierzaPułaskiego3
informationSignKazimierzaPułaskiego2;hasDirectNeighbor;parkingKazimierzaPułaskiego
informationSignKazimierzaPułaskiego3;hasDirectNeighbor;parkingKazimierzaPułaskiego
informationSignKazimierzaPułaskiego4;hasDirectNeighbor;parkingKazimierzaPułaskiego1
informationSignKazimierzaPułaskiego5;hasDirectNeighbor;parkingKazimierzaPułaskiego1
informationSignSkwerNiepodległości3;hasDirectNeighbor;parkingSkwerNiepodległości
lawn3Maja5;hasDirectNeighbor;parking3MajaTaniaOdzież
lawnArmiiKrajowej;hasDirectNeighbor;parkingArmiiKrajowej
lawnKazimierzaPułaskiego1;hasDirectNeighbor;parkingKazimierzaPułaskiego1
lawnKazimierzaPułaskiego2;hasDirectNeighbor;parkingKazimierzaPułaskiego1
lawnKazimierzaPułaskiego4;hasDirectNeighbor;parkingKazimierzaPułaskiego2
lawnKazimierzaPułaskiego5;hasDirectNeighbor;parkingKazimierzaPułaskiego2
parking3MajaTaniaOdzież;hasDirectNeighbor;bikePath3MajaR
parking3MajaTaniaOdzież;hasDirectNeighbor;pavement3MajaR
parking3MajaTaniaOdzież;hasDirectNeighbor;street3Maja
parkingArmiiKrajowej;hasDirectNeighbor;informationSignArmiiKrajowej6
parkingArmiiKrajowej;hasDirectNeighbor;lawnArmiiKrajowej
parkingArmiiKrajowej;hasDirectNeighbor;pavementArmiiKrajowejR
parkingArmiiKrajowej;hasDirectNeighbor;streetArmiiKrajowej
parkingArmiiKrajowej;hasDirectNeighbor;streetLightArmiiKrajowej6
parkingHenrykaSienkiewicza;hasDirectNeighbor;concertHallPodlasieSiedlceHenrykaSienkiewicza
parkingHenrykaSienkiewicza;hasDirectNeighbor;pavementHenrykaSienkiewiczaR
parkingHenrykaSienkiewicza;hasDirectNeighbor;streetSienkiewicza
parkingKazimierzaPułaskiego;hasDirectNeighbor;pavementKazmierzaPułaskiegoR
parkingKazimierzaPułaskiego;hasDirectNeighbor;shopTopazSiedlceArmiiKrajowej
parkingKazimierzaPułaskiego;hasDirectNeighbor;streetKazmierzaPułaskiego
parkingKazimierzaPułaskiego1;hasDirectNeighbor;pavementKazmierzaPułaskiegoR
parkingKazimierzaPułaskiego1;hasDirectNeighbor;streetKazmierzaPułaskiego
parkingKazimierzaPułaskiego2;hasDirectNeighbor;pavementKazmierzaPułaskiegoR
parkingKazimierzaPułaskiego2;hasDirectNeighbor;streetKazmierzaPułaskiego
parkingKazimierzaPułaskiego3;hasDirectNeighbor;pavementKazmierzaPułaskiegoL
parkingKazimierzaPułaskiego3;hasDirectNeighbor;streetKazmierzaPułaskiego
parkingKazimierzaPułaskiego4;hasDirectNeighbor;pavementKazmierzaPułaskiegoL
parkingKazimierzaPułaskiego4;hasDirectNeighbor;streetKazmierzaPułaskiego
parkingPlacZdanowskiego;hasDirectNeighbor;pavementPlacZdanowskiego
parkingPlacZdanowskiego;hasDirectNeighbor;railwayStationSiedlcePKP
parkingPlacZdanowskiego;hasDirectNeighbor;streetZdanowskiego
parkingPlacZdanowskiego1;hasDirectNeighbor;streetZdanowskiego
parkingSkwerNiepodległości;hasDirectNeighbor;lawnSkwerNiepodległości
parkingSkwerNiepodległości;hasDirectNeighbor;streetSkwerNiepodległości
prohibitionSignArmiiKrajowej3;hasDirectNeighbor;parkingArmiiKrajowej
servicesGeokompleksSiedlceKazimierzaPułaskiego;hasDirectNeighbor;parkingKazimierzaPułaskiego4
shopSonexSiedlceKazimierzaPułaskiego;hasDirectNeighbor;parkingKazimierzaPułaskiego4
shopTaniaOdzież3Maja;hasDirectNeighbor;parking3MajaTaniaOdzież
shopTaniaOdzieżSiedlceKazimierzaPułaskiego;hasDirectNeighbor;parkingKazimierzaPułaskiego4
streetLightArmiiKrajowej7;hasDirectNeighbor;parkingArmiiKrajowej
streetLightKazimierzaPułaskiego2;hasDirectNeighbor;parkingKazimierzaPułaskiego1
streetLightKazimierzaPułaskiego7;hasDirectNeighbor;parkingKazimierzaPułaskiego4
streetLightSkwerNiepodległości2;hasDirectNeighbor;parkingSkwerNiepodległości
streetLightSkwerNiepodległości3;hasDirectNeighbor;parkingSkwerNiepodległości
trashCanArmiiKrajowej2;hasDirectNeighbor;parkingArmiiKrajowej
bikePath3MajaR;hasDirectNeighbor;pavement3MajaR
blockOfFlatsKazimierzaPułaskiego1;hasDirectNeighbor;pavementKazmierzaPułaskiegoR
blockOfFlatsKazimierzaPułaskiego2;hasDirectNeighbor;pavementKazmierzaPułaskiegoR
blockOfFlatsKazimierzaPułaskiego3;hasDirectNeighbor;pavementKazmierzaPułaskiegoL
blockOfFlatsKazimierzaPułaskiego4;hasDirectNeighbor;pavementKazmierzaPułaskiegoL
bollardHenrykaSienkiewicza9;hasDirectNeighbor;pavementHenrykaSienkiewiczaR
cityHallUrządMiastaSkwerNiepodległości;hasDirectNeighbor;pavementSkwerNiepodległości
clinicDerek-DentalSiedlceKazimierzaPułaskiego;hasDirectNeighbor;pavementKazmierzaPułaskiegoR
concertHallPodlasieSiedlceHenrykaSienkiewicza;hasDirectNeighbor;pavementHenrykaSienkiewiczaR
concertHallPodlasieSiedlceHenrykaSienkiewicza;hasDirectNeighbor;pavementŚwiętojańskaL
fenceArmiiKrajowej1;hasDirectNeighbor;pavementArmiiKrajowejL
fenceArmiiKrajowej2;hasDirectNeighbor;pavementArmiiKrajowejL
fenceŚwiętojańska1;hasDirectNeighbor;pavementŚwiętojańskaL
informationSign3Maja1;hasDirectNeighbor;pavement3MajaL
informationSignArmiiKrajowej10;hasDirectNeighbor;pavementKazmierzaPułaskiegoR
informationSignArmiiKrajowej11;hasDirectNeighbor;pavementArmiiKrajowejR
informationSignArmiiKrajowej12;hasDirectNeighbor;pavementArmiiKrajowejR
informationSignArmiiKrajowej13;hasDirectNeighbor;pavementArmiiKrajowejR
informationSignArmiiKrajowej14;hasDirectNeighbor;pavementArmiiKrajowejR
informationSignArmiiKrajowej15;hasDirectNeighbor;pavementArmiiKrajowejR
informationSignArmiiKrajowej3;hasDirectNeighbor;pavementHenrykaSienkiewiczaL
informationSignArmiiKrajowej7;hasDirectNeighbor;pavementArmiiKrajowejR
informationSignArmiiKrajowej8;hasDirectNeighbor;pavementArmiiKrajowejR
informationSignJózefaPiłsudskiego2;hasDirectNeighbor;pavementWojskowaR
lawn3Maja1;hasDirectNeighbor;pavement3MajaL
lawn3Maja2;hasDirectNeighbor;pavement3MajaL
lawn3Maja3;hasDirectNeighbor;pavement3MajaL
lawn3Maja4;hasDirectNeighbor;pavement3MajaL
lawn3Maja4;hasDirectNeighbor;pavementŚwiętojańskaR
lawn3Maja5;hasDirectNeighbor;pavement3MajaR
lawn3Maja6;hasDirectNeighbor;pavement3MajaR
lawn3Maja7;hasDirectNeighbor;pavement3MajaR
lawn3Maja8;hasDirectNeighbor;pavement3MajaR
lawnArmiiKrajowej;hasDirectNeighbor;pavement3MajaR
lawnArmiiKrajowej1;hasDirectNeighbor;pavementArmiiKrajowejR
lawnArmiiKrajowej2;hasDirectNeighbor;pavementArmiiKrajowejR
lawnArmiiKrajowej3;hasDirectNeighbor;pavementArmiiKrajowejR
lawnArmiiKrajowej4;hasDirectNeighbor;pavementArmiiKrajowejL
lawnArmiiKrajowej4;hasDirectNeighbor;pavementJózefaPiłsudskiegoR
lawnArmiiKrajowej5;hasDirectNeighbor;pavementArmiiKrajowejL
lawnArmiiKrajowej6;hasDirectNeighbor;pavementArmiiKrajowejL
lawnArmiiKrajowej7;hasDirectNeighbor;pavementArmiiKrajowejL
lawnArmiiKrajowej8;hasDirectNeighbor;pavementArmiiKrajowejL
lawnKazimierzaPułaskiego1;hasDirectNeighbor;pavementKazmierzaPułaskiegoR
lawnKazimierzaPułaskiego2;hasDirectNeighbor;pavementKazmierzaPułaskiegoR
lawnKazimierzaPułaskiego3;hasDirectNeighbor;pavementKazmierzaPułaskiegoR
lawnKazimierzaPułaskiego4;hasDirectNeighbor;pavementKazmierzaPułaskiegoR
lawnKazimierzaPułaskiego5;hasDirectNeighbor;pavementKazmierzaPułaskiegoR
lawnKazimierzaPułaskiego6;hasDirectNeighbor;pavementKazmierzaPułaskiegoR
lawnSkwerNiepodległości;hasDirectNeighbor;pavementKazmierzaPułaskiegoL
parking3MajaTaniaOdzież;hasDirectNeighbor;pavement3MajaR
parkingArmiiKrajowej;hasDirectNeighbor;pavementArmiiKrajowejR
parkingHenrykaSienkiewicza;hasDirectNeighbor;pavementHenrykaSienkiewiczaR
parkingKazimierzaPułaskiego;hasDirectNeighbor;pavementKazmierzaPułaskiegoR
parkingKazimierzaPułaskiego1;hasDirectNeighbor;pavementKazmierzaPułaskiegoR
parkingKazimierzaPułaskiego2;hasDirectNeighbor;pavementKazmierzaPułaskiegoR
parkingKazimierzaPułaskiego3;hasDirectNeighbor;pavementKazmierzaPułaskiegoL
parkingKazimierzaPułaskiego4;hasDirectNeighbor;pavementKazmierzaPułaskiegoL
parkingPlacZdanowskiego;hasDirectNeighbor;pavementPlacZdanowskiego
pavement3MajaL;hasDirectNeighbor;pavementArmiiKrajowejL
pavement3MajaL;hasDirectNeighbor;pavementŚwiętojańskaR
pavement3MajaL;hasDirectNeighbor;street3Maja
pavementArmiiKrajowejL;hasDirectNeighbor;pavement3MajaL
pavementArmiiKrajowejL;hasDirectNeighbor;pavementHenrykaSienkiewiczaL
pavementArmiiKrajowejL;hasDirectNeighbor;pavementHenrykaSienkiewiczaR
pavementArmiiKrajowejL;hasDirectNeighbor;pavementJózefaPiłsudskiegoR
pavementArmiiKrajowejL;hasDirectNeighbor;pavementŚwiętojańskaL
pavementArmiiKrajowejL;hasDirectNeighbor;street3Maja
pavementArmiiKrajowejL;hasDirectNeighbor;streetJózefaPiłsudskiego
pavementArmiiKrajowejL;hasDirectNeighbor;streetSienkiewicza
pavementArmiiKrajowejL;hasDirectNeighbor;streetZdanowskiego
pavementArmiiKrajowejL;hasDirectNeighbor;streetŚwiętojańska
pavementArmiiKrajowejR;hasDirectNeighbor;pavement3MajaL
pavementArmiiKrajowejR;hasDirectNeighbor;pavement3MajaR
pavementArmiiKrajowejR;hasDirectNeighbor;pavementHenrykaSienkiewiczaL
pavementArmiiKrajowejR;hasDirectNeighbor;pavementHenrykaSienkiewiczaR
pavementArmiiKrajowejR;hasDirectNeighbor;pavementJózefaPiłsudskiegoR
pavementArmiiKrajowejR;hasDirectNeighbor;pavementKazmierzaPułaskiegoL
pavementArmiiKrajowejR;hasDirectNeighbor;pavementKazmierzaPułaskiegoR
pavementArmiiKrajowejR;hasDirectNeighbor;schoolSiedlceUniversityOfNaturalSciencesAndHumanitiesFacultyOfSciences
pavementArmiiKrajowejR;hasDirectNeighbor;schoolSiedlceUniversityOfNaturalSciencesAndHumanitiesInstituteOfComputerScience
pavementArmiiKrajowejR;hasDirectNeighbor;street3Maja
pavementArmiiKrajowejR;hasDirectNeighbor;streetArmiiKrajowej
pavementArmiiKrajowejR;hasDirectNeighbor;streetJózefaPiłsudskiego
pavementArmiiKrajowejR;hasDirectNeighbor;streetKazmierzaPułaskiego
pavementArmiiKrajowejR;hasDirectNeighbor;streetKolejowa
pavementArmiiKrajowejR;hasDirectNeighbor;streetSienkiewicza
pavementHenrykaSienkiewiczaL;hasDirectNeighbor;pavementArmiiKrajowejL
pavementHenrykaSienkiewiczaL;hasDirectNeighbor;pavementArmiiKrajowejR
pavementHenrykaSienkiewiczaL;hasDirectNeighbor;streetArmiiKrajowej
pavementHenrykaSienkiewiczaL;hasDirectNeighbor;streetSienkiewicza
pavementHenrykaSienkiewiczaR;hasDirectNeighbor;pavementArmiiKrajowejL
pavementHenrykaSienkiewiczaR;hasDirectNeighbor;pavementArmiiKrajowejR
pavementHenrykaSienkiewiczaR;hasDirectNeighbor;streetArmiiKrajowej
pavementHenrykaSienkiewiczaR;hasDirectNeighbor;streetSienkiewicza
pavementJózefaPiłsudskiegoL;hasDirectNeighbor;pavementWojskowaR
pavementJózefaPiłsudskiegoL;hasDirectNeighbor;streetJózefaPiłsudskiego
pavementJózefaPiłsudskiegoR;hasDirectNeighbor;pavementArmiiKrajowejR
pavementJózefaPiłsudskiegoR;hasDirectNeighbor;streetJózefaPiłsudskiego
pavementKazmierzaPułaskiegoL;hasDirectNeighbor;pavementArmiiKrajowejR
pavementKazmierzaPułaskiegoL;hasDirectNeighbor;pavementSkwerNiepodległości
pavementKazmierzaPułaskiegoL;hasDirectNeighbor;streetKazmierzaPułaskiego
pavementKazmierzaPułaskiegoR;hasDirectNeighbor;pavementArmiiKrajowejR
pavementKazmierzaPułaskiegoR;hasDirectNeighbor;streetKazmierzaPułaskiego
pavementPlacZdanowskiego;hasDirectNeighbor;railwayStationSiedlcePKP
pavementPlacZdanowskiego;hasDirectNeighbor;streetZdanowskiego
pavementWojskowaL;hasDirectNeighbor;pavementJózefaPiłsudskiegoL
pavementWojskowaL;hasDirectNeighbor;streetJózefaPiłsudskiego
pavementWojskowaL;hasDirectNeighbor;streetWojskowa
pavementWojskowaR;hasDirectNeighbor;pavementJózefaPiłsudskiegoL
pavementWojskowaR;hasDirectNeighbor;streetJózefaPiłsudskiego
pavementWojskowaR;hasDirectNeighbor;streetWojskowa
pavementŚwiętojańskaL;hasDirectNeighbor;pavementArmiiKrajowejL
pavementŚwiętojańskaL;hasDirectNeighbor;pavementHenrykaSienkiewiczaL
pavementŚwiętojańskaL;hasDirectNeighbor;pavementHenrykaSienkiewiczaR
pavementŚwiętojańskaL;hasDirectNeighbor;streetŚwiętojańska
pedestrainCrossing3Maja1;hasDirectNeighbor;pavement3MajaL
pedestrainCrossing3Maja1;hasDirectNeighbor;pavement3MajaR
pedestrainCrossing3Maja2;hasDirectNeighbor;pavement3MajaL
pedestrainCrossing3Maja2;hasDirectNeighbor;pavement3MajaR
pedestrainCrossing3Maja3;hasDirectNeighbor;pavement3MajaL
pedestrainCrossing3Maja3;hasDirectNeighbor;pavement3MajaR
pedestrainCrossing3Maja4;hasDirectNeighbor;pavement3MajaR
pedestrainCrossing3Maja5;hasDirectNeighbor;pavement3MajaR
pedestrainCrossing3Maja5;hasDirectNeighbor;pavementArmiiKrajowejL
pedestrainCrossingArmiiKrajowej1;hasDirectNeighbor;pavementArmiiKrajowejL
pedestrainCrossingArmiiKrajowej1;hasDirectNeighbor;pavementArmiiKrajowejR
pedestrainCrossingArmiiKrajowej2;hasDirectNeighbor;pavementArmiiKrajowejL
pedestrainCrossingArmiiKrajowej2;hasDirectNeighbor;pavementArmiiKrajowejR
pedestrainCrossingArmiiKrajowej3;hasDirectNeighbor;pavementArmiiKrajowejL
pedestrainCrossingArmiiKrajowej3;hasDirectNeighbor;pavementArmiiKrajowejR
pedestrainCrossingArmiiKrajowej4;hasDirectNeighbor;pavementArmiiKrajowejL
pedestrainCrossingArmiiKrajowej4;hasDirectNeighbor;pavementArmiiKrajowejR
pedestrainCrossingArmiiKrajowej5;hasDirectNeighbor;pavementArmiiKrajowejL
pedestrainCrossingArmiiKrajowej5;hasDirectNeighbor;pavementArmiiKrajowejR
pedestrainCrossingHenrykaSienkiewicza1;hasDirectNeighbor;pavementHenrykaSienkiewiczaL
pedestrainCrossingHenrykaSienkiewicza1;hasDirectNeighbor;pavementHenrykaSienkiewiczaR
pedestrainCrossingHenrykaSienkiewicza2;hasDirectNeighbor;pavementHenrykaSienkiewiczaL
pedestrainCrossingHenrykaSienkiewicza2;hasDirectNeighbor;pavementHenrykaSienkiewiczaR
pedestrainCrossingJózefaPiłsudskiego1;hasDirectNeighbor;pavementJózefaPiłsudskiegoL
pedestrainCrossingJózefaPiłsudskiego1;hasDirectNeighbor;pavementJózefaPiłsudskiegoR
pedestrainCrossingJózefaPiłsudskiego2;hasDirectNeighbor;pavementJózefaPiłsudskiegoL
pedestrainCrossingJózefaPiłsudskiego2;hasDirectNeighbor;pavementJózefaPiłsudskiegoR
pedestrainCrossingKazimierzaPułaskiego1;hasDirectNeighbor;pavementKazmierzaPułaskiegoL
pedestrainCrossingKazimierzaPułaskiego1;hasDirectNeighbor;pavementKazmierzaPułaskiegoR
pedestrainCrossingKazimierzaPułaskiego2;hasDirectNeighbor;pavementKazmierzaPułaskiegoL
pedestrainCrossingKazimierzaPułaskiego2;hasDirectNeighbor;pavementKazmierzaPułaskiegoR
pedestrainCrossingSkwerNiepodległości1;hasDirectNeighbor;pavementKazmierzaPułaskiegoL
pedestrainCrossingSkwerNiepodległości2;hasDirectNeighbor;pavementSkwerNiepodległości
pedestrainCrossingSkwerNiepodległości3;hasDirectNeighbor;pavementJózefaPiłsudskiegoR
pedestrainCrossingWojskowa1;hasDirectNeighbor;pavementWojskowaL
pedestrainCrossingWojskowa1;hasDirectNeighbor;pavementWojskowaR
pedestrainCrossingŚwiętojańska1;hasDirectNeighbor;pavementArmiiKrajowejL
pedestrainCrossingŚwiętojańska1;hasDirectNeighbor;pavementŚwiętojańskaL
pedestrainCrossingŚwiętojańska2;hasDirectNeighbor;pavementArmiiKrajowejL
pedestrainCrossingŚwiętojańska3;hasDirectNeighbor;pavementŚwiętojańskaL
pedestrainCrossingŚwiętojańska3;hasDirectNeighbor;pavementŚwiętojańskaR
pedestrainCrossingŚwiętojańska4;hasDirectNeighbor;pavementŚwiętojańskaL
pedestrainCrossingŚwiętojańska4;hasDirectNeighbor;pavementŚwiętojańskaR
pharmacyLekSiedlceŚwiętojańska;hasDirectNeighbor;pavementŚwiętojańskaR
prohibitionSign3Maja1;hasDirectNeighbor;pavement3MajaL
prohibitionSign3Maja2;hasDirectNeighbor;pavement3MajaL
prohibitionSignJózefaPiłsudskiego1;hasDirectNeighbor;pavementArmiiKrajowejR
restaurantStolnicaArmiiKrajowej1;hasDirectNeighbor;pavementArmiiKrajowejR
schoolSiedlceExpressLingua;hasDirectNeighbor;pavementŚwiętojańskaR
schoolSiedlceOskAkademiaJazdy;hasDirectNeighbor;pavementŚwiętojańskaR
servicesGeokompleksSiedlceKazimierzaPułaskiego;hasDirectNeighbor;pavementKazmierzaPułaskiegoL
shopBiałkiSiedlceKazimierzaPułaskiego;hasDirectNeighbor;pavementKazmierzaPułaskiegoL
shopRobsonSiedlceKazimierzaPułaskiego;hasDirectNeighbor;pavementKazmierzaPułaskiegoL
shopRowickiJanSiedlceKazimierzaPułaskiego;hasDirectNeighbor;pavementKazmierzaPułaskiegoL
shopSadmar3Maja;hasDirectNeighbor;pavement3MajaR
shopSkładnicaTowarówRóżnychSiedlceŚwiętojańska;hasDirectNeighbor;pavementŚwiętojańskaR
shopSonexSiedlceKazimierzaPułaskiego;hasDirectNeighbor;pavementKazmierzaPułaskiegoL
shopTaniaOdzież3Maja;hasDirectNeighbor;pavement3MajaR
shopTaniaOdzieżSiedlceKazimierzaPułaskiego;hasDirectNeighbor;pavementKazmierzaPułaskiegoL
shopTopazSiedlceArmiiKrajowej;hasDirectNeighbor;pavementArmiiKrajowejR
shopXiaomiMiPointSiedlceKazimierzaPułaskiego;hasDirectNeighbor;pavementKazmierzaPułaskiegoL
shopZdrowaŻywnośćWeraSiedlceŚwiętojańska;hasDirectNeighbor;pavementŚwiętojańskaR
shoppingCenterGaleriaSiedlceJózefaPiłsudskiego;hasDirectNeighbor;pavementJózefaPiłsudskiegoL
shoppingCenterGaleriaSiedlceJózefaPiłsudskiego;hasDirectNeighbor;pavementWojskowaL
shopŻabkaSiedlce3Maja;hasDirectNeighbor;pavement3MajaR
stairsBankZachodniWBK;hasDirectNeighbor;pavementJózefaPiłsudskiegoL
stairsBankZachodniWBK;hasDirectNeighbor;pavementWojskowaL
stairsPodlasie1;hasDirectNeighbor;pavementŚwiętojańskaL
stairsPodlasie2;hasDirectNeighbor;pavementHenrykaSienkiewiczaR
stairsPodlasie2;hasDirectNeighbor;pavementŚwiętojańskaL
streetLightArmiiKrajowej10;hasDirectNeighbor;pavementArmiiKrajowejR
streetLightArmiiKrajowej11;hasDirectNeighbor;pavementJózefaPiłsudskiegoR
streetLightArmiiKrajowej4;hasDirectNeighbor;pavementHenrykaSienkiewiczaR
streetLightArmiiKrajowej5;hasDirectNeighbor;pavementHenrykaSienkiewiczaL
streetLightArmiiKrajowej7;hasDirectNeighbor;pavementArmiiKrajowejR
streetLightArmiiKrajowej8;hasDirectNeighbor;pavementKazmierzaPułaskiegoR
streetLightArmiiKrajowej9;hasDirectNeighbor;pavementKazmierzaPułaskiegoL
streetLightJózefaPiłsudskiego2;hasDirectNeighbor;pavementWojskowaR
streetLightKazimierzaPułaskiego3;hasDirectNeighbor;pavementKazmierzaPułaskiegoR
streetLightSkwerNiepodległości4;hasDirectNeighbor;pavementJózefaPiłsudskiegoR
streetLightWojskowa1;hasDirectNeighbor;pavementJózefaPiłsudskiegoL
telltaleSignArmiiKrajowej1;hasDirectNeighbor;pavementArmiiKrajowejR
trafficLightArmiiKrajowej1;hasDirectNeighbor;pavementArmiiKrajowejR
trafficLightArmiiKrajowej2;hasDirectNeighbor;pavementKazmierzaPułaskiegoR
trafficLightJózefaPiłsudskiego3;hasDirectNeighbor;pavementWojskowaR
trafficLightWojskowa3;hasDirectNeighbor;pavementJózefaPiłsudskiegoL
trashCanArmiiKrajowej2;hasDirectNeighbor;pavementArmiiKrajowejR
trashCanArmiiKrajowej4;hasDirectNeighbor;pavementKazmierzaPułaskiegoR
informationSignJózefaPiłsudskiego1;hasDirectNeighbor;pedestrainCrossingJózefaPiłsudskiego1
pedestrainCrossing3Maja1;hasDirectNeighbor;pavement3MajaL
pedestrainCrossing3Maja1;hasDirectNeighbor;pavement3MajaR
pedestrainCrossing3Maja2;hasDirectNeighbor;pavement3MajaL
pedestrainCrossing3Maja2;hasDirectNeighbor;pavement3MajaR
pedestrainCrossing3Maja3;hasDirectNeighbor;pavement3MajaL
pedestrainCrossing3Maja3;hasDirectNeighbor;pavement3MajaR
pedestrainCrossing3Maja4;hasDirectNeighbor;pavement3MajaR
pedestrainCrossing3Maja5;hasDirectNeighbor;pavement3MajaR
pedestrainCrossing3Maja5;hasDirectNeighbor;pavementArmiiKrajowejL
pedestrainCrossingArmiiKrajowej1;hasDirectNeighbor;pavementArmiiKrajowejL
pedestrainCrossingArmiiKrajowej1;hasDirectNeighbor;pavementArmiiKrajowejR
pedestrainCrossingArmiiKrajowej2;hasDirectNeighbor;pavementArmiiKrajowejL
pedestrainCrossingArmiiKrajowej2;hasDirectNeighbor;pavementArmiiKrajowejR
pedestrainCrossingArmiiKrajowej3;hasDirectNeighbor;pavementArmiiKrajowejL
pedestrainCrossingArmiiKrajowej3;hasDirectNeighbor;pavementArmiiKrajowejR
pedestrainCrossingArmiiKrajowej4;hasDirectNeighbor;pavementArmiiKrajowejL
pedestrainCrossingArmiiKrajowej4;hasDirectNeighbor;pavementArmiiKrajowejR
pedestrainCrossingArmiiKrajowej5;hasDirectNeighbor;pavementArmiiKrajowejL
pedestrainCrossingArmiiKrajowej5;hasDirectNeighbor;pavementArmiiKrajowejR
pedestrainCrossingHenrykaSienkiewicza1;hasDirectNeighbor;pavementHenrykaSienkiewiczaL
pedestrainCrossingHenrykaSienkiewicza1;hasDirectNeighbor;pavementHenrykaSienkiewiczaR
pedestrainCrossingHenrykaSienkiewicza2;hasDirectNeighbor;pavementHenrykaSienkiewiczaL
pedestrainCrossingHenrykaSienkiewicza2;hasDirectNeighbor;pavementHenrykaSienkiewiczaR
pedestrainCrossingJózefaPiłsudskiego1;hasDirectNeighbor;pavementJózefaPiłsudskiegoL
pedestrainCrossingJózefaPiłsudskiego1;hasDirectNeighbor;pavementJózefaPiłsudskiegoR
pedestrainCrossingJózefaPiłsudskiego2;hasDirectNeighbor;pavementJózefaPiłsudskiegoL
pedestrainCrossingJózefaPiłsudskiego2;hasDirectNeighbor;pavementJózefaPiłsudskiegoR
pedestrainCrossingKazimierzaPułaskiego1;hasDirectNeighbor;pavementKazmierzaPułaskiegoL
pedestrainCrossingKazimierzaPułaskiego1;hasDirectNeighbor;pavementKazmierzaPułaskiegoR
pedestrainCrossingKazimierzaPułaskiego2;hasDirectNeighbor;pavementKazmierzaPułaskiegoL
pedestrainCrossingKazimierzaPułaskiego2;hasDirectNeighbor;pavementKazmierzaPułaskiegoR
pedestrainCrossingKolejowa1;hasDirectNeighbor;pedestrainCrossingZdanowskiego1
pedestrainCrossingSkwerNiepodległości1;hasDirectNeighbor;pavementKazmierzaPułaskiegoL
pedestrainCrossingSkwerNiepodległości2;hasDirectNeighbor;pavementSkwerNiepodległości
pedestrainCrossingSkwerNiepodległości3;hasDirectNeighbor;pavementJózefaPiłsudskiegoR
pedestrainCrossingWojskowa1;hasDirectNeighbor;pavementWojskowaL
pedestrainCrossingWojskowa1;hasDirectNeighbor;pavementWojskowaR
pedestrainCrossingŚwiętojańska1;hasDirectNeighbor;pavementArmiiKrajowejL
pedestrainCrossingŚwiętojańska1;hasDirectNeighbor;pavementŚwiętojańskaL
pedestrainCrossingŚwiętojańska2;hasDirectNeighbor;pavementArmiiKrajowejL
pedestrainCrossingŚwiętojańska3;hasDirectNeighbor;pavementŚwiętojańskaL
pedestrainCrossingŚwiętojańska3;hasDirectNeighbor;pavementŚwiętojańskaR
pedestrainCrossingŚwiętojańska4;hasDirectNeighbor;pavementŚwiętojańskaL
pedestrainCrossingŚwiętojańska4;hasDirectNeighbor;pavementŚwiętojańskaR
trafficLightJózefaPiłsudskiego1;hasDirectNeighbor;pedestrainCrossingJózefaPiłsudskiego1
trafficLightJózefaPiłsudskiego2;hasDirectNeighbor;pedestrainCrossingJózefaPiłsudskiego1
trafficLightWojskowa1;hasDirectNeighbor;pedestrainCrossingWojskowa1
trafficLightWojskowa2;hasDirectNeighbor;pedestrainCrossingWojskowa1
warrantSignHenrykaSienkiewicza1;hasDirectNeighbor;pedestrainCrossingHenrykaSienkiewicza1
warrantSignHenrykaSienkiewicza3;hasDirectNeighbor;pedestrainCrossingHenrykaSienkiewicza2
pharmacyLekSiedlceŚwiętojańska;hasDirectNeighbor;pavementŚwiętojańskaR
prohibitionSign3Maja1;hasDirectNeighbor;pavement3MajaL
prohibitionSign3Maja1;hasDirectNeighbor;street3Maja
prohibitionSign3Maja2;hasDirectNeighbor;pavement3MajaL
prohibitionSign3Maja2;hasDirectNeighbor;street3Maja
prohibitionSignArmiiKrajowej1;hasDirectNeighbor;streetArmiiKrajowej
prohibitionSignArmiiKrajowej2;hasDirectNeighbor;streetArmiiKrajowej
prohibitionSignArmiiKrajowej3;hasDirectNeighbor;parkingArmiiKrajowej
prohibitionSignArmiiKrajowej3;hasDirectNeighbor;streetArmiiKrajowej
prohibitionSignJózefaPiłsudskiego1;hasDirectNeighbor;pavementArmiiKrajowejR
prohibitionSignJózefaPiłsudskiego1;hasDirectNeighbor;streetJózefaPiłsudskiego
prohibitionSignKazimierzaPułaskiego1;hasDirectNeighbor;streetKazmierzaPułaskiego
prohibitionSignSkwerNiepodległości1;hasDirectNeighbor;streetSkwerNiepodległości
prohibitionSignSkwerNiepodległości2;hasDirectNeighbor;streetSkwerNiepodległości
parkingPlacZdanowskiego;hasDirectNeighbor;railwayStationSiedlcePKP
pavementPlacZdanowskiego;hasDirectNeighbor;railwayStationSiedlcePKP
restaurantStolnicaArmiiKrajowej1;hasDirectNeighbor;pavementArmiiKrajowejR
atmSiedlce3Maja;hasDirectNeighbor;schoolSiedlceUniversityOfNaturalSciencesAndHumanitiesFacultyOfSciences
pavementArmiiKrajowejR;hasDirectNeighbor;schoolSiedlceUniversityOfNaturalSciencesAndHumanitiesFacultyOfSciences
pavementArmiiKrajowejR;hasDirectNeighbor;schoolSiedlceUniversityOfNaturalSciencesAndHumanitiesInstituteOfComputerScience
schoolSiedlceExpressLingua;hasDirectNeighbor;pavementŚwiętojańskaR
schoolSiedlceOskAkademiaJazdy;hasDirectNeighbor;pavementŚwiętojańskaR
servicesGeokompleksSiedlceKazimierzaPułaskiego;hasDirectNeighbor;parkingKazimierzaPułaskiego4
servicesGeokompleksSiedlceKazimierzaPułaskiego;hasDirectNeighbor;pavementKazmierzaPułaskiegoL
atmSiedlceArmiiKrajowej;hasDirectNeighbor;shopBiedronkaSiedlceArmiiKrajowej
atmSiedlceSienkiewicza;hasDirectNeighbor;shopRossmannSiedlceSienkiewicza
parkingKazimierzaPułaskiego;hasDirectNeighbor;shopTopazSiedlceArmiiKrajowej
shopBiałkiSiedlceKazimierzaPułaskiego;hasDirectNeighbor;pavementKazmierzaPułaskiegoL
shopRobsonSiedlceKazimierzaPułaskiego;hasDirectNeighbor;pavementKazmierzaPułaskiegoL
shopRowickiJanSiedlceKazimierzaPułaskiego;hasDirectNeighbor;pavementKazmierzaPułaskiegoL
shopSadmar3Maja;hasDirectNeighbor;pavement3MajaR
shopSadmar3Maja;hasDirectNeighbor;shopTaniaOdzież3Maja
shopSkładnicaTowarówRóżnychSiedlceŚwiętojańska;hasDirectNeighbor;pavementŚwiętojańskaR
shopSonexSiedlceKazimierzaPułaskiego;hasDirectNeighbor;parkingKazimierzaPułaskiego4
shopSonexSiedlceKazimierzaPułaskiego;hasDirectNeighbor;pavementKazmierzaPułaskiegoL
shopTaniaOdzież3Maja;hasDirectNeighbor;parking3MajaTaniaOdzież
shopTaniaOdzież3Maja;hasDirectNeighbor;pavement3MajaR
shopTaniaOdzieżSiedlceKazimierzaPułaskiego;hasDirectNeighbor;parkingKazimierzaPułaskiego4
shopTaniaOdzieżSiedlceKazimierzaPułaskiego;hasDirectNeighbor;pavementKazmierzaPułaskiegoL
shopTopazSiedlceArmiiKrajowej;hasDirectNeighbor;pavementArmiiKrajowejR
shopXiaomiMiPointSiedlceKazimierzaPułaskiego;hasDirectNeighbor;pavementKazmierzaPułaskiegoL
shopZdrowaŻywnośćWeraSiedlceŚwiętojańska;hasDirectNeighbor;pavementŚwiętojańskaR
shopŻabkaSiedlce3Maja;hasDirectNeighbor;pavement3MajaR
shoppingCenterGaleriaSiedlceJózefaPiłsudskiego;hasDirectNeighbor;pavementJózefaPiłsudskiegoL
shoppingCenterGaleriaSiedlceJózefaPiłsudskiego;hasDirectNeighbor;pavementWojskowaL
stairsBankZachodniWBK;hasDirectNeighbor;pavementJózefaPiłsudskiegoL
stairsBankZachodniWBK;hasDirectNeighbor;pavementWojskowaL
stairsPodlasie1;hasDirectNeighbor;concertHallPodlasieSiedlceHenrykaSienkiewicza
stairsPodlasie1;hasDirectNeighbor;pavementŚwiętojańskaL
stairsPodlasie2;hasDirectNeighbor;concertHallPodlasieSiedlceHenrykaSienkiewicza
stairsPodlasie2;hasDirectNeighbor;pavementHenrykaSienkiewiczaR
stairsPodlasie2;hasDirectNeighbor;pavementŚwiętojańskaL
bikePath3MajaR;hasDirectNeighbor;street3Maja
bollardKazimierzaPułaskiego3;hasDirectNeighbor;streetKazmierzaPułaskiego
busDepotSiedlcePKS;hasDirectNeighbor;streetŚwiętojańska
busStop01SiedlceArmiiKrajowejSienkiewicza;hasDirectNeighbor;streetArmiiKrajowej
informationSign3Maja1;hasDirectNeighbor;street3Maja
informationSign3Maja3;hasDirectNeighbor;street3Maja
informationSignArmiiKrajowej1;hasDirectNeighbor;streetArmiiKrajowej
informationSignArmiiKrajowej10;hasDirectNeighbor;streetArmiiKrajowej
informationSignArmiiKrajowej10;hasDirectNeighbor;streetKazmierzaPułaskiego
informationSignArmiiKrajowej11;hasDirectNeighbor;streetArmiiKrajowej
informationSignArmiiKrajowej12;hasDirectNeighbor;streetArmiiKrajowej
informationSignArmiiKrajowej13;hasDirectNeighbor;streetArmiiKrajowej
informationSignArmiiKrajowej14;hasDirectNeighbor;streetArmiiKrajowej
informationSignArmiiKrajowej15;hasDirectNeighbor;street3Maja
informationSignArmiiKrajowej2;hasDirectNeighbor;streetArmiiKrajowej
informationSignArmiiKrajowej3;hasDirectNeighbor;streetArmiiKrajowej
informationSignArmiiKrajowej4;hasDirectNeighbor;streetArmiiKrajowej
informationSignArmiiKrajowej7;hasDirectNeighbor;streetArmiiKrajowej
informationSignArmiiKrajowej8;hasDirectNeighbor;streetArmiiKrajowej
informationSignArmiiKrajowej9;hasDirectNeighbor;streetArmiiKrajowej
informationSignJózefaPiłsudskiego1;hasDirectNeighbor;streetJózefaPiłsudskiego
informationSignJózefaPiłsudskiego2;hasDirectNeighbor;streetJózefaPiłsudskiego
informationSignJózefaPiłsudskiego2;hasDirectNeighbor;streetWojskowa
informationSignKazimierzaPułaskiego1;hasDirectNeighbor;streetKazmierzaPułaskiego
informationSignKazimierzaPułaskiego5;hasDirectNeighbor;streetKazmierzaPułaskiego
informationSignKazimierzaPułaskiego6;hasDirectNeighbor;streetKazmierzaPułaskiego
informationSignKazimierzaPułaskiego7;hasDirectNeighbor;streetKazmierzaPułaskiego
informationSignKazimierzaPułaskiego9;hasDirectNeighbor;streetKazmierzaPułaskiego
informationSignSkwerNiepodległości4;hasDirectNeighbor;streetSkwerNiepodległości
informationSignWojskowa1;hasDirectNeighbor;streetWojskowa
lawn3Maja1;hasDirectNeighbor;street3Maja
lawn3Maja2;hasDirectNeighbor;street3Maja
lawn3Maja3;hasDirectNeighbor;street3Maja
lawn3Maja4;hasDirectNeighbor;street3Maja
lawn3Maja4;hasDirectNeighbor;streetŚwiętojańska
lawn3Maja5;hasDirectNeighbor;street3Maja
lawn3Maja6;hasDirectNeighbor;street3Maja
lawn3Maja8;hasDirectNeighbor;street3Maja
lawnArmiiKrajowej;hasDirectNeighbor;streetArmiiKrajowej
lawnArmiiKrajowej1;hasDirectNeighbor;streetArmiiKrajowej
lawnArmiiKrajowej2;hasDirectNeighbor;streetArmiiKrajowej
lawnArmiiKrajowej3;hasDirectNeighbor;streetArmiiKrajowej
lawnArmiiKrajowej5;hasDirectNeighbor;streetŚwiętojańska
lawnArmiiKrajowej6;hasDirectNeighbor;streetŚwiętojańska
lawnArmiiKrajowej7;hasDirectNeighbor;streetArmiiKrajowej
lawnArmiiKrajowej8;hasDirectNeighbor;streetArmiiKrajowej
lawnKazimierzaPułaskiego1;hasDirectNeighbor;streetKazmierzaPułaskiego
lawnKazimierzaPułaskiego2;hasDirectNeighbor;streetKazmierzaPułaskiego
lawnKazimierzaPułaskiego3;hasDirectNeighbor;streetHenrykaWieniawskiego
lawnKazimierzaPułaskiego3;hasDirectNeighbor;streetKazmierzaPułaskiego
lawnKazimierzaPułaskiego4;hasDirectNeighbor;streetKazmierzaPułaskiego
lawnKazimierzaPułaskiego5;hasDirectNeighbor;streetKazmierzaPułaskiego
lawnKazimierzaPułaskiego6;hasDirectNeighbor;streetKazmierzaPułaskiego
lawnSkwerNiepodległości;hasDirectNeighbor;streetSkwerNiepodległości
parking3MajaTaniaOdzież;hasDirectNeighbor;street3Maja
parkingArmiiKrajowej;hasDirectNeighbor;streetArmiiKrajowej
parkingHenrykaSienkiewicza;hasDirectNeighbor;streetSienkiewicza
parkingKazimierzaPułaskiego;hasDirectNeighbor;streetKazmierzaPułaskiego
parkingKazimierzaPułaskiego1;hasDirectNeighbor;streetKazmierzaPułaskiego
parkingKazimierzaPułaskiego2;hasDirectNeighbor;streetKazmierzaPułaskiego
parkingKazimierzaPułaskiego3;hasDirectNeighbor;streetKazmierzaPułaskiego
parkingKazimierzaPułaskiego4;hasDirectNeighbor;streetKazmierzaPułaskiego
parkingPlacZdanowskiego;hasDirectNeighbor;streetZdanowskiego
parkingPlacZdanowskiego1;hasDirectNeighbor;streetZdanowskiego
parkingSkwerNiepodległości;hasDirectNeighbor;streetSkwerNiepodległości
pavement3MajaL;hasDirectNeighbor;street3Maja
pavementArmiiKrajowejL;hasDirectNeighbor;street3Maja
pavementArmiiKrajowejL;hasDirectNeighbor;streetJózefaPiłsudskiego
pavementArmiiKrajowejL;hasDirectNeighbor;streetSienkiewicza
pavementArmiiKrajowejL;hasDirectNeighbor;streetZdanowskiego
pavementArmiiKrajowejL;hasDirectNeighbor;streetŚwiętojańska
pavementArmiiKrajowejR;hasDirectNeighbor;street3Maja
pavementArmiiKrajowejR;hasDirectNeighbor;streetArmiiKrajowej
pavementArmiiKrajowejR;hasDirectNeighbor;streetJózefaPiłsudskiego
pavementArmiiKrajowejR;hasDirectNeighbor;streetKazmierzaPułaskiego
pavementArmiiKrajowejR;hasDirectNeighbor;streetKolejowa
pavementArmiiKrajowejR;hasDirectNeighbor;streetSienkiewicza
pavementHenrykaSienkiewiczaL;hasDirectNeighbor;streetArmiiKrajowej
pavementHenrykaSienkiewiczaL;hasDirectNeighbor;streetSienkiewicza
pavementHenrykaSienkiewiczaR;hasDirectNeighbor;streetArmiiKrajowej
pavementHenrykaSienkiewiczaR;hasDirectNeighbor;streetSienkiewicza
pavementJózefaPiłsudskiegoL;hasDirectNeighbor;streetJózefaPiłsudskiego
pavementJózefaPiłsudskiegoR;hasDirectNeighbor;streetJózefaPiłsudskiego
pavementKazmierzaPułaskiegoL;hasDirectNeighbor;streetKazmierzaPułaskiego
pavementKazmierzaPułaskiegoR;hasDirectNeighbor;streetKazmierzaPułaskiego
pavementPlacZdanowskiego;hasDirectNeighbor;streetZdanowskiego
pavementWojskowaL;hasDirectNeighbor;streetJózefaPiłsudskiego
pavementWojskowaL;hasDirectNeighbor;streetWojskowa
pavementWojskowaR;hasDirectNeighbor;streetJózefaPiłsudskiego
pavementWojskowaR;hasDirectNeighbor;streetWojskowa
pavementŚwiętojańskaL;hasDirectNeighbor;streetŚwiętojańska
prohibitionSign3Maja1;hasDirectNeighbor;street3Maja
prohibitionSign3Maja2;hasDirectNeighbor;street3Maja
prohibitionSignArmiiKrajowej1;hasDirectNeighbor;streetArmiiKrajowej
prohibitionSignArmiiKrajowej2;hasDirectNeighbor;streetArmiiKrajowej
prohibitionSignArmiiKrajowej3;hasDirectNeighbor;streetArmiiKrajowej
prohibitionSignJózefaPiłsudskiego1;hasDirectNeighbor;streetJózefaPiłsudskiego
prohibitionSignKazimierzaPułaskiego1;hasDirectNeighbor;streetKazmierzaPułaskiego
prohibitionSignSkwerNiepodległości1;hasDirectNeighbor;streetSkwerNiepodległości
prohibitionSignSkwerNiepodległości2;hasDirectNeighbor;streetSkwerNiepodległości
street3Maja;hasDirectNeighbor;streetArmiiKrajowej
street3Maja;hasDirectNeighbor;streetFloriańska
street3Maja;hasDirectNeighbor;streetJanaKiepury
street3Maja;hasDirectNeighbor;streetJanaKilińskiego
street3Maja;hasDirectNeighbor;streetJózefaFormińskiego
street3Maja;hasDirectNeighbor;streetLudwikaSolskiego
street3Maja;hasDirectNeighbor;streetSłoneczna
street3Maja;hasDirectNeighbor;streetTadeuszaCzackiego
street3Maja;hasDirectNeighbor;streetWojskaPolskiego
street3Maja;hasDirectNeighbor;streetŚciegiennego
street3Maja;hasDirectNeighbor;streetŚwiętojańska
streetArmiiKrajowej;hasDirectNeighbor;street3Maja
streetArmiiKrajowej;hasDirectNeighbor;streetFloriańska
streetArmiiKrajowej;hasDirectNeighbor;streetJózefaFormińskiego
streetArmiiKrajowej;hasDirectNeighbor;streetJózefaPiłsudskiego
streetArmiiKrajowej;hasDirectNeighbor;streetKazmierzaPułaskiego
streetArmiiKrajowej;hasDirectNeighbor;streetKolejowa
streetArmiiKrajowej;hasDirectNeighbor;streetSienkiewicza
streetArmiiKrajowej;hasDirectNeighbor;streetŚwiętojańska
streetBohaterówGetta;hasDirectNeighbor;streetJózefaPiłsudskiego
streetBrzeska;hasDirectNeighbor;street3Maja
streetBrzeska;hasDirectNeighbor;streetFloriańska
streetElizyOrzeszkowej;hasDirectNeighbor;streetJózefaPiłsudskiego
streetEsperanto;hasDirectNeighbor;streetJózefaPiłsudskiego
streetEsperanto;hasDirectNeighbor;streetKazmierzaPułaskiego
streetEugeniuszaWiszniewskiego;hasDirectNeighbor;streetStarowiejska
streetFloriańska;hasDirectNeighbor;street3Maja
streetFloriańska;hasDirectNeighbor;streetBrzeska
streetFloriańska;hasDirectNeighbor;streetFloriańska
streetFloriańska;hasDirectNeighbor;streetJackaWoszczerowicza
streetFloriańska;hasDirectNeighbor;streetJózefaPiłsudskiego
streetFloriańska;hasDirectNeighbor;streetKazmierzaPułaskiego
streetFloriańska;hasDirectNeighbor;streetMłynarska
streetFloriańska;hasDirectNeighbor;streetSienkiewicza
streetFloriańska;hasDirectNeighbor;streetWiatraczna
streetHenrykaWieniawskiego;hasDirectNeighbor;streetKarolaSzymanowskiego
streetHenrykaWieniawskiego;hasDirectNeighbor;streetKazmierzaPułaskiego
streetJackaWoszczerowicza;hasDirectNeighbor;streetFloriańska
streetJanaKiepury;hasDirectNeighbor;street3Maja
streetJanaKiepury;hasDirectNeighbor;streetSienkiewicza
streetJanaKilińskiego;hasDirectNeighbor;street3Maja
streetJanaKilińskiego;hasDirectNeighbor;streetJózefaPiłsudskiego
streetJanaKilińskiego;hasDirectNeighbor;streetKazmierzaPułaskiego
streetJanaKilińskiego;hasDirectNeighbor;streetKolejowa
streetJanaKochanowskiego;hasDirectNeighbor;streetJózefaPiłsudskiego
streetJózefaFormińskiego;hasDirectNeighbor;street3Maja
streetJózefaFormińskiego;hasDirectNeighbor;streetKolejowa
streetJózefaPiłsudskiego;hasDirectNeighbor;streetArmiiKrajowej
streetJózefaPiłsudskiego;hasDirectNeighbor;streetEsperanto
streetJózefaPiłsudskiego;hasDirectNeighbor;streetFloriańska
streetJózefaPiłsudskiego;hasDirectNeighbor;streetJanaKilińskiego
streetJózefaPiłsudskiego;hasDirectNeighbor;streetJanaKochanowskiego
streetJózefaPiłsudskiego;hasDirectNeighbor;streetStarowiejska
streetJózefaPiłsudskiego;hasDirectNeighbor;streetSzalomaAsza
streetJózefaPiłsudskiego;hasDirectNeighbor;streetTadeuszaKościuszki
streetJózefaPiłsudskiego;hasDirectNeighbor;streetWojskaPolskiego
streetJózefaPiłsudskiego;hasDirectNeighbor;streetWojskowa
streetKarolaSzymanowskiego;hasDirectNeighbor;streetSienkiewicza
streetKarolaSzymanowskiego;hasDirectNeighbor;streetStanisławaMoniuszki
streetKazmierzaPułaskiego;hasDirectNeighbor;streetArmiiKrajowej
streetKazmierzaPułaskiego;hasDirectNeighbor;streetEsperanto
streetKazmierzaPułaskiego;hasDirectNeighbor;streetJanaKilińskiego
streetKazmierzaPułaskiego;hasDirectNeighbor;streetKazmierzaPułaskiego
streetKazmierzaPułaskiego;hasDirectNeighbor;streetStanisławaMoniuszki
streetKazmierzaPułaskiego;hasDirectNeighbor;streetSzalomaAsza
streetKolejowa;hasDirectNeighbor;streetArmiiKrajowej
streetKolejowa;hasDirectNeighbor;streetJanaKilińskiego
streetKolejowa;hasDirectNeighbor;streetTadeuszaCzackiego
streetLightArmiiKrajowej1;hasDirectNeighbor;streetArmiiKrajowej
streetLightArmiiKrajowej10;hasDirectNeighbor;streetArmiiKrajowej
streetLightArmiiKrajowej11;hasDirectNeighbor;streetArmiiKrajowej
streetLightArmiiKrajowej11;hasDirectNeighbor;streetJózefaPiłsudskiego
streetLightArmiiKrajowej2;hasDirectNeighbor;streetArmiiKrajowej
streetLightArmiiKrajowej3;hasDirectNeighbor;streetArmiiKrajowej
streetLightArmiiKrajowej4;hasDirectNeighbor;streetArmiiKrajowej
streetLightArmiiKrajowej4;hasDirectNeighbor;streetSienkiewicza
streetLightArmiiKrajowej5;hasDirectNeighbor;streetArmiiKrajowej
streetLightArmiiKrajowej6;hasDirectNeighbor;streetArmiiKrajowej
streetLightArmiiKrajowej7;hasDirectNeighbor;streetArmiiKrajowej
streetLightArmiiKrajowej8;hasDirectNeighbor;streetArmiiKrajowej
streetLightArmiiKrajowej8;hasDirectNeighbor;streetKazmierzaPułaskiego
streetLightArmiiKrajowej9;hasDirectNeighbor;streetArmiiKrajowej
streetLightArmiiKrajowej9;hasDirectNeighbor;streetKazmierzaPułaskiego
streetLightJózefaPiłsudskiego1;hasDirectNeighbor;streetJózefaPiłsudskiego
streetLightJózefaPiłsudskiego2;hasDirectNeighbor;streetJózefaPiłsudskiego
streetLightJózefaPiłsudskiego2;hasDirectNeighbor;streetWojskowa
streetLightKazimierzaPułaskiego2;hasDirectNeighbor;streetKazmierzaPułaskiego
streetLightKazimierzaPułaskiego3;hasDirectNeighbor;streetKazmierzaPułaskiego
streetLightSkwerNiepodległości4;hasDirectNeighbor;streetSkwerNiepodległości
streetLightWojskowa1;hasDirectNeighbor;streetJózefaPiłsudskiego
streetLightWojskowa1;hasDirectNeighbor;streetWojskowa
streetLudwikaSolskiego;hasDirectNeighbor;street3Maja
streetMłynarska;hasDirectNeighbor;streetFloriańska
streetMłynarska;hasDirectNeighbor;streetStarowiejska
streetSienkiewicza;hasDirectNeighbor;streetArmiiKrajowej
streetSienkiewicza;hasDirectNeighbor;streetFloriańska
streetSienkiewicza;hasDirectNeighbor;streetJanaKiepury
streetSienkiewicza;hasDirectNeighbor;streetJanaKilińskiego
streetSienkiewicza;hasDirectNeighbor;streetKarolaSzymanowskiego
streetSienkiewicza;hasDirectNeighbor;streetStanisławaMoniuszki
streetSienkiewicza;hasDirectNeighbor;streetWojskaPolskiego
streetSienkiewicza;hasDirectNeighbor;streetŚwiętojańska
streetStanisławaMoniuszki;hasDirectNeighbor;streetKarolaSzymanowskiego
streetStanisławaMoniuszki;hasDirectNeighbor;streetKazmierzaPułaskiego
streetStanisławaMoniuszki;hasDirectNeighbor;streetSienkiewicza
streetStarowiejska;hasDirectNeighbor;streetEugeniuszaWiszniewskiego
streetStarowiejska;hasDirectNeighbor;streetJózefaPiłsudskiego
streetStarowiejska;hasDirectNeighbor;streetMłynarska
streetStarowiejska;hasDirectNeighbor;streetTadeuszaKościuszki
streetStarowiejska;hasDirectNeighbor;streetWiatraczna
streetSzalomaAsza;hasDirectNeighbor;streetJózefaPiłsudskiego
streetSzalomaAsza;hasDirectNeighbor;streetKazmierzaPułaskiego
streetSłoneczna;hasDirectNeighbor;street3Maja
streetTadeuszaCzackiego;hasDirectNeighbor;street3Maja
streetTadeuszaCzackiego;hasDirectNeighbor;streetKolejowa
streetTadeuszaKościuszki;hasDirectNeighbor;streetJózefaPiłsudskiego
streetTadeuszaKościuszki;hasDirectNeighbor;streetStarowiejska
streetWiatraczna;hasDirectNeighbor;streetFloriańska
streetWiatraczna;hasDirectNeighbor;streetStarowiejska
streetWojskaPolskiego;hasDirectNeighbor;street3Maja
streetWojskaPolskiego;hasDirectNeighbor;streetHenrykaWieniawskiego
streetWojskaPolskiego;hasDirectNeighbor;streetJózefaPiłsudskiego
streetWojskowa;hasDirectNeighbor;streetJózefaPiłsudskiego
streetZdanowskiego;hasDirectNeighbor;streetKolejowa
streetŚciegiennego;hasDirectNeighbor;street3Maja
streetŚciegiennego;hasDirectNeighbor;streetKolejowa
streetŚwiętojańska;hasDirectNeighbor;street3Maja
streetŚwiętojańska;hasDirectNeighbor;streetArmiiKrajowej
streetŚwiętojańska;hasDirectNeighbor;streetSienkiewicza
telltaleSignArmiiKrajowej1;hasDirectNeighbor;streetArmiiKrajowej
telltaleSignSkwerNiepodległości1;hasDirectNeighbor;streetSkwerNiepodległości
telltaleSignWojskowa1;hasDirectNeighbor;streetWojskowa
trafficLightArmiiKrajowej1;hasDirectNeighbor;streetArmiiKrajowej
trafficLightJózefaPiłsudskiego1;hasDirectNeighbor;streetJózefaPiłsudskiego
trafficLightJózefaPiłsudskiego2;hasDirectNeighbor;streetJózefaPiłsudskiego
trafficLightJózefaPiłsudskiego3;hasDirectNeighbor;streetArmiiKrajowej
trafficLightJózefaPiłsudskiego3;hasDirectNeighbor;streetJózefaPiłsudskiego
trafficLightJózefaPiłsudskiego3;hasDirectNeighbor;streetWojskowa
trafficLightWojskowa1;hasDirectNeighbor;streetWojskowa
trafficLightWojskowa2;hasDirectNeighbor;streetWojskowa
trafficLightWojskowa3;hasDirectNeighbor;streetJózefaPiłsudskiego
trafficLightWojskowa3;hasDirectNeighbor;streetWojskowa
trashCanArmiiKrajowej4;hasDirectNeighbor;streetArmiiKrajowej
trashCanArmiiKrajowej4;hasDirectNeighbor;streetKazmierzaPułaskiego
trashCanJózefaPiłsudskiego1;hasDirectNeighbor;streetJózefaPiłsudskiego
trashCanWojskowa2;hasDirectNeighbor;streetWojskowa
warrantSignHenrykaSienkiewicza1;hasDirectNeighbor;streetArmiiKrajowej
warrantSignHenrykaSienkiewicza1;hasDirectNeighbor;streetSienkiewicza
warrantSignHenrykaSienkiewicza3;hasDirectNeighbor;streetArmiiKrajowej
warrantSignHenrykaSienkiewicza3;hasDirectNeighbor;streetSienkiewicza
warrantSignSkwerNiepodległości1;hasDirectNeighbor;streetSkwerNiepodległości
parkingArmiiKrajowej;hasDirectNeighbor;streetLightArmiiKrajowej6
streetLightArmiiKrajowej1;hasDirectNeighbor;informationSignArmiiKrajowej1
streetLightArmiiKrajowej1;hasDirectNeighbor;streetArmiiKrajowej
streetLightArmiiKrajowej10;hasDirectNeighbor;pavementArmiiKrajowejR
streetLightArmiiKrajowej10;hasDirectNeighbor;streetArmiiKrajowej
streetLightArmiiKrajowej11;hasDirectNeighbor;pavementJózefaPiłsudskiegoR
streetLightArmiiKrajowej11;hasDirectNeighbor;streetArmiiKrajowej
streetLightArmiiKrajowej11;hasDirectNeighbor;streetJózefaPiłsudskiego
streetLightArmiiKrajowej2;hasDirectNeighbor;busStop01SiedlceArmiiKrajowejSienkiewicza
streetLightArmiiKrajowej2;hasDirectNeighbor;streetArmiiKrajowej
streetLightArmiiKrajowej3;hasDirectNeighbor;busStop01SiedlceArmiiKrajowejSienkiewicza
streetLightArmiiKrajowej3;hasDirectNeighbor;streetArmiiKrajowej
streetLightArmiiKrajowej4;hasDirectNeighbor;pavementHenrykaSienkiewiczaR
streetLightArmiiKrajowej4;hasDirectNeighbor;streetArmiiKrajowej
streetLightArmiiKrajowej4;hasDirectNeighbor;streetSienkiewicza
streetLightArmiiKrajowej5;hasDirectNeighbor;pavementHenrykaSienkiewiczaL
streetLightArmiiKrajowej5;hasDirectNeighbor;streetArmiiKrajowej
streetLightArmiiKrajowej6;hasDirectNeighbor;streetArmiiKrajowej
streetLightArmiiKrajowej7;hasDirectNeighbor;parkingArmiiKrajowej
streetLightArmiiKrajowej7;hasDirectNeighbor;pavementArmiiKrajowejR
streetLightArmiiKrajowej7;hasDirectNeighbor;streetArmiiKrajowej
streetLightArmiiKrajowej8;hasDirectNeighbor;pavementKazmierzaPułaskiegoR
streetLightArmiiKrajowej8;hasDirectNeighbor;streetArmiiKrajowej
streetLightArmiiKrajowej8;hasDirectNeighbor;streetKazmierzaPułaskiego
streetLightArmiiKrajowej9;hasDirectNeighbor;pavementKazmierzaPułaskiegoL
streetLightArmiiKrajowej9;hasDirectNeighbor;streetArmiiKrajowej
streetLightArmiiKrajowej9;hasDirectNeighbor;streetKazmierzaPułaskiego
streetLightJózefaPiłsudskiego1;hasDirectNeighbor;streetJózefaPiłsudskiego
streetLightJózefaPiłsudskiego2;hasDirectNeighbor;pavementWojskowaR
streetLightJózefaPiłsudskiego2;hasDirectNeighbor;streetJózefaPiłsudskiego
streetLightJózefaPiłsudskiego2;hasDirectNeighbor;streetWojskowa
streetLightKazimierzaPułaskiego2;hasDirectNeighbor;parkingKazimierzaPułaskiego1
streetLightKazimierzaPułaskiego2;hasDirectNeighbor;streetKazmierzaPułaskiego
streetLightKazimierzaPułaskiego3;hasDirectNeighbor;pavementKazmierzaPułaskiegoR
streetLightKazimierzaPułaskiego3;hasDirectNeighbor;streetKazmierzaPułaskiego
streetLightKazimierzaPułaskiego7;hasDirectNeighbor;parkingKazimierzaPułaskiego4
streetLightSkwerNiepodległości2;hasDirectNeighbor;parkingSkwerNiepodległości
streetLightSkwerNiepodległości3;hasDirectNeighbor;parkingSkwerNiepodległości
streetLightSkwerNiepodległości4;hasDirectNeighbor;pavementJózefaPiłsudskiegoR
streetLightSkwerNiepodległości4;hasDirectNeighbor;streetSkwerNiepodległości
streetLightWojskowa1;hasDirectNeighbor;pavementJózefaPiłsudskiegoL
streetLightWojskowa1;hasDirectNeighbor;streetJózefaPiłsudskiego
streetLightWojskowa1;hasDirectNeighbor;streetWojskowa
trashCanJózefaPiłsudskiego1;hasDirectNeighbor;streetLightJózefaPiłsudskiego1
telltaleSignArmiiKrajowej1;hasDirectNeighbor;pavementArmiiKrajowejR
telltaleSignArmiiKrajowej1;hasDirectNeighbor;streetArmiiKrajowej
telltaleSignSkwerNiepodległości1;hasDirectNeighbor;streetSkwerNiepodległości
telltaleSignWojskowa1;hasDirectNeighbor;streetWojskowa
trafficLightArmiiKrajowej1;hasDirectNeighbor;pavementArmiiKrajowejR
trafficLightArmiiKrajowej1;hasDirectNeighbor;streetArmiiKrajowej
trafficLightArmiiKrajowej2;hasDirectNeighbor;pavementKazmierzaPułaskiegoR
trafficLightJózefaPiłsudskiego1;hasDirectNeighbor;pedestrainCrossingJózefaPiłsudskiego1
trafficLightJózefaPiłsudskiego1;hasDirectNeighbor;streetJózefaPiłsudskiego
trafficLightJózefaPiłsudskiego2;hasDirectNeighbor;pedestrainCrossingJózefaPiłsudskiego1
trafficLightJózefaPiłsudskiego2;hasDirectNeighbor;streetJózefaPiłsudskiego
trafficLightJózefaPiłsudskiego3;hasDirectNeighbor;pavementWojskowaR
trafficLightJózefaPiłsudskiego3;hasDirectNeighbor;streetArmiiKrajowej
trafficLightJózefaPiłsudskiego3;hasDirectNeighbor;streetJózefaPiłsudskiego
trafficLightJózefaPiłsudskiego3;hasDirectNeighbor;streetWojskowa
trafficLightWojskowa1;hasDirectNeighbor;pedestrainCrossingWojskowa1
trafficLightWojskowa1;hasDirectNeighbor;streetWojskowa
trafficLightWojskowa2;hasDirectNeighbor;pedestrainCrossingWojskowa1
trafficLightWojskowa2;hasDirectNeighbor;streetWojskowa
trafficLightWojskowa3;hasDirectNeighbor;pavementJózefaPiłsudskiegoL
trafficLightWojskowa3;hasDirectNeighbor;streetJózefaPiłsudskiego
trafficLightWojskowa3;hasDirectNeighbor;streetWojskowa
trashCanJózefaPiłsudskiego1;hasDirectNeighbor;trafficLightJózefaPiłsudskiego2
trashCanWojskowa2;hasDirectNeighbor;trafficLightWojskowa2
trashCanArmiiKrajowej1;hasDirectNeighbor;busStop01SiedlceArmiiKrajowejSienkiewicza
trashCanArmiiKrajowej2;hasDirectNeighbor;parkingArmiiKrajowej
trashCanArmiiKrajowej2;hasDirectNeighbor;pavementArmiiKrajowejR
trashCanArmiiKrajowej3;hasDirectNeighbor;lawnArmiiKrajowej
trashCanArmiiKrajowej4;hasDirectNeighbor;pavementKazmierzaPułaskiegoR
trashCanArmiiKrajowej4;hasDirectNeighbor;streetArmiiKrajowej
trashCanArmiiKrajowej4;hasDirectNeighbor;streetKazmierzaPułaskiego
trashCanJózefaPiłsudskiego1;hasDirectNeighbor;streetJózefaPiłsudskiego
trashCanJózefaPiłsudskiego1;hasDirectNeighbor;streetLightJózefaPiłsudskiego1
trashCanJózefaPiłsudskiego1;hasDirectNeighbor;trafficLightJózefaPiłsudskiego2
trashCanWojskowa2;hasDirectNeighbor;streetWojskowa
trashCanWojskowa2;hasDirectNeighbor;trafficLightWojskowa2
warrantSignHenrykaSienkiewicza1;hasDirectNeighbor;pedestrainCrossingHenrykaSienkiewicza1
warrantSignHenrykaSienkiewicza1;hasDirectNeighbor;streetArmiiKrajowej
warrantSignHenrykaSienkiewicza1;hasDirectNeighbor;streetSienkiewicza
warrantSignHenrykaSienkiewicza3;hasDirectNeighbor;pedestrainCrossingHenrykaSienkiewicza2
warrantSignHenrykaSienkiewicza3;hasDirectNeighbor;streetArmiiKrajowej
warrantSignHenrykaSienkiewicza3;hasDirectNeighbor;streetSienkiewicza
warrantSignSkwerNiepodległości1;hasDirectNeighbor;streetSkwerNiepodległości
